[
  {
    "id": 1,
    "nombre": "Asma"
  },
  {
    "id": 2,
    "nombre": "Diabetes tipo 1"
  },
  {
    "id": 3,
    "nombre": "Epilepsia"
  },
  {
    "id": 4,
    "nombre": "Déficit de atención e hiperactividad (TDAH)"
  },
  {
    "id": 5,
    "nombre": "Alergias alimentarias"
  },
  {
    "id": 6,
    "nombre": "Dermatitis atópica"
  },
  {
    "id": 7,
    "nombre": "Anemia"
  },
  {
    "id": 8,
    "nombre": "Infecciones respiratorias recurrentes"
  },
  {
    "id": 9,
    "nombre": "Intolerancia a la lactosa"
  },
  {
    "id": 10,
    "nombre": "Otitis media recurrente"
  },
  {
    "id": 11,
    "nombre": "Celiaquía"
  },
  {
    "id": 12,
    "nombre": "Reflujo gastroesofágico"
  },
  {
    "id": 13,
    "nombre": "Hipotiroidismo congénito"
  },
  {
    "id": 14,
    "nombre": "Trastorno del espectro autista (TEA)"
  },
  {
    "id": 15,
    "nombre": "Trastornos del lenguaje o del habla"
  },
  {
    "id": 16,
    "nombre": "Displasia de cadera congénita"
  },
  {
    "id": 17,
    "nombre": "Síndrome de Down"
  },
  {
    "id": 18,
    "nombre": "Parálisis cerebral"
  },
  {
    "id": 19,
    "nombre": "Cardiopatías congénitas"
  },
  {
    "id": 20,
    "nombre": "Deficiencia de hierro"
  }
]