[{
  "_id": {
    "$oid": "67c88a57d1e5181c43f8d230"
  },
  "id": 1,
  "cedula": 320467891,
  "nombre": "Luis Jiménez Gómez",
  "fecha_nacimiento": {
    "$date": "2019-06-15T00:00:00.000Z"
  },
  "direccion": "Orotina, Cantón de Orotina, Provincia de Alajuela",
  "poliza": "POL-AJC-001",
  "nivel": 1,
  "condiciones_medicas": [
    1
  ],
  "Referencias": [
    {
      "Parentesco": "Padre",
      "Nombre": "Aaron Jiménez Cohen",
      "Cedula": 320467890,
      "Telefono": 63584920
    },
    {
      "Parentesco": "Madre",
      "Nombre": "María Gómez Solano",
      "Cedula": 320467889,
      "Telefono": 70125634
    }
  ],
  "CondicionesMedicas": null,
  "tareas": [
    {
      "$oid": "67c88a78d1e5181c43f8d236"
    },
    {
      "$oid": "67c88a78d1e5181c43f8d237"
    }
  ]
},
{
  "_id": {
    "$oid": "67c88a57d1e5181c43f8d231"
  },
  "id": 2,
  "cedula": 320467892,
  "nombre": "Ana María López",
  "fecha_nacimiento": {
    "$date": "2018-08-20T00:00:00.000Z"
  },
  "direccion": "Heredia, Cantón de Heredia, Provincia de Heredia",
  "poliza": "POL-HRD-002",
  "nivel": 2,
  "condiciones_medicas": [],
  "Referencias": [
    {
      "Parentesco": "Madre",
      "Nombre": "Verónica Rodríguez",
      "Cedula": 320467888,
      "Telefono": 87451236
    },
    {
      "Parentesco": "Abuelo",
      "Nombre": "Carlos López",
      "Cedula": 320467887,
      "Telefono": 62549871
    }
  ],
  "CondicionesMedicas": null,
  "tareas": [
    {
      "$oid": "67c88a78d1e5181c43f8d236"
    },
    {
      "$oid": "67c88a78d1e5181c43f8d237"
    },
    {
      "$oid": "67fc91c3cf57f9425f40a43e"
    }
  ]
},
{
  "_id": {
    "$oid": "67c88a57d1e5181c43f8d232"
  },
  "id": 3,
  "cedula": 320467893,
  "nombre": "Carlos Fernández Rojas",
  "fecha_nacimiento": {
    "$date": "2017-04-10T00:00:00.000Z"
  },
  "direccion": "Cartago, Cantón de Cartago, Provincia de Cartago",
  "poliza": "POL-CTG-003",
  "nivel": 3,
  "condiciones_medicas": [
    2
  ],
  "Referencias": [
    {
      "Parentesco": "Tío",
      "Nombre": "Javier Rojas Fernández",
      "Cedula": 320467886,
      "Telefono": 75896325
    },
    {
      "Parentesco": "Abuela",
      "Nombre": "Elena Rojas",
      "Cedula": 320467885,
      "Telefono": 78965412
    }
  ],
  "CondicionesMedicas": null,
  "tareas": []
},
{
  "_id": {
    "$oid": "67c88a57d1e5181c43f8d233"
  },
  "id": 4,
  "cedula": 320467894,
  "nombre": "Valentina Muñoz",
  "fecha_nacimiento": {
    "$date": "2020-02-18T00:00:00.000Z"
  },
  "direccion": "San José, Cantón de San José, Provincia de San José",
  "poliza": "POL-SJO-004",
  "nivel": 4,
  "condiciones_medicas": [
    3
  ],
  "Referencias": [
    {
      "Parentesco": "Padre",
      "Nombre": "Gabriel Muñoz Castillo",
      "Cedula": 320467884,
      "Telefono": 60214785
    },
    {
      "Parentesco": "Hermano",
      "Nombre": "Santiago Muñoz",
      "Cedula": 320467883,
      "Telefono": 71036598
    }
  ],
  "CondicionesMedicas": null,
  "tareas": [
    {
      "$oid": "67c88a78d1e5181c43f8d236"
    },
    {
      "$oid": "67c88a78d1e5181c43f8d237"
    },
    {
      "$oid": "67fc91c3cf57f9425f40a43e"
    }
  ]
},
{
  "_id": {
    "$oid": "67c88a57d1e5181c43f8d234"
  },
  "id": 5,
  "cedula": 320467895,
  "nombre": "Emiliano Vargas",
  "fecha_nacimiento": {
    "$date": "2017-07-25T00:00:00.000Z"
  },
  "direccion": "Alajuela, Cantón de Alajuela, Provincia de Alajuela",
  "poliza": "POL-ALA-005",
  "nivel": 5,
  "condiciones_medicas": [
    4,
    5
  ],
  "Referencias": [
    {
      "Parentesco": "Madre",
      "Nombre": "Patricia Vargas",
      "Cedula": 320467882,
      "Telefono": 72568941
    },
    {
      "Parentesco": "Abuelo",
      "Nombre": "Roberto Vargas",
      "Cedula": 320467881,
      "Telefono": 69857412
    }
  ],
  "tareas": []
}]