[
  {
    "id_tarea": 1,
    "id_usuarioDocente": 2,
    "nombre": "Pintar frutas",
    "descripcion": "Colorear frutas básicas: manzana, plátano y naranja.",
    "fecha_asignada": {
      "$date": "2024-12-18T00:00:00.000Z"
    },
    "fecha_entrega": {
      "$date": "2024-12-20T00:00:00.000Z"
    }
  },
  {
    "id_tarea": 2,
    "id_usuarioDocente": 2,
    "nombre": "Aprender vocales",
    "descripcion": "Completar una hoja con las vocales y sus sonidos.",
    "fecha_asignada": {
      "$date": "2024-12-18T00:00:00.000Z"
    },
    "fecha_entrega": {
      "$date": "2024-12-21T00:00:00.000Z"
    }
  }
]