[
  {
    "_id": {
      "$oid": "67ca1a5dc2046d6cfb25e591"
    },
    "cedula": 116430987,
    "nombre": "Maribel Solis Valverde",
    "contrasena_hash": "AQAAAAIAAYagAAAAENizrGED/9hel72EeDtNo2830KEPSgmqF0nB4o/+DfN1ws1KlwZR563qQMNW+QJbgA==",
    "num_telefono": "70987456",
    "direccion": "San Antonio, Cantón de Alajuela, Provincia de Alajuela",
    "correo_electronico": "msolis90362@gmail.com",
    "id_rol": 1
  },
  {
    "_id": {
      "$oid": "67ca1c31297329f7bd55f00c"
    },
    "cedula": 320467890,
    "nombre": "Aaron Jiménez Cohen",
    "contrasena_hash": "AQAAAAIAAYagAAAAENizrGED/9hel72EeDtNo2830KEPSgmqF0nB4o/+DfN1ws1KlwZR563qQMNW+QJbgA==",
    "num_telefono": 63584920,
    "direccion": "Orotina, Cantón de Orotina, Provincia de Alajuela",
    "correo_electronico": "aaron.jimenez@gmail.com",
    "id_rol": 1
  }
]